#Caerae,,,,,,,,,,
#Cooking,,,,,,,,,,
#2018-03-08,,,,,,,,,,
回数,成功,アップ,スキル表示,HQ,ロスト,階級,合成物,スキルキャップ,サポート,
1,0,,8.4 ,,塩,見習,セルビナバター,20,,-11.6 
2,0,,8.4 ,,,見習,セルビナバター,20,,-11.6 
3,0,,8.4 ,,乳、塩,見習,セルビナバター,20,,-11.6 
4,0,,8.4 ,,乳、塩,見習,セルビナバター,20,,-11.6 
5,0,,8.4 ,,塩,見習,セルビナバター,20,低,-11.6 
6,0,,8.4 ,,乳,見習,セルビナバター,20,低,-11.6 
7,0,,8.4 ,,乳,見習,セルビナバター,20,低,-11.6 
8,0,,8.4 ,,乳、塩,見習,セルビナバター,20,上,-11.6 
9,0,,8.4 ,,乳,見習,セルビナバター,20,上,-11.6 
10,0,,8.4 ,,乳,見習,セルビナバター,20,上,-11.6 
11,1,,8.4 ,,,見習,セルビナバター,20,上,-11.6 
12,0,,8.4 ,,塩,見習,セルビナバター,20,上,-11.6 
13,0,,8.4 ,,乳、塩,見習,セルビナバター,20,上,-11.6 
14,0,,8.4 ,,乳、塩,見習,セルビナバター,20,上,-11.6 
15,0,,8.4 ,,塩,見習,セルビナバター,20,上,-11.6 
16,0,,8.4 ,,,見習,セルビナバター,20,上,-11.6 
17,0,0.2,8.6 ,,,見習,調理キット10,10,,-1.4 
18,1,0.1,8.7 ,,,見習,調理キット10,10,,-1.3 
19,1,0.1,8.8 ,,,見習,調理キット10,10,,-1.2 
20,1,0.2,9.0 ,,,見習,調理キット10,10,,-1.0 
21,1,0.1,9.1 ,,,見習,調理キット10,10,,-0.9 
22,1,0.1,9.2 ,,,見習,調理キット10,10,,-0.8 
23,1,0.2,9.4 ,,,見習,調理キット10,10,,-0.6 
24,1,,9.4 ,,,見習,調理キット10,10,,-0.6 
25,1,0.2,9.6 ,,,見習,調理キット10,10,,-0.4 
26,1,0.1,9.7 ,,,見習,調理キット10,10,,-0.3 
27,1,0.1,9.8 ,,,見習,調理キット10,10,,-0.2 
28,1,0.1,9.9 ,,,見習,調理キット10,10,,-0.1 
29,1,0.1,10.0 ,,,見習,調理キット10,10,,0.0 
30,0,,10.0 ,,,見習,セルビナバター,20,,-10.0 
31,0,,10.0 ,,乳,見習,セルビナバター,20,,-10.0 
32,0,,10.0 ,,塩,見習,セルビナバター,20,,-10.0 
33,0,,10.0 ,,塩,見習,セルビナバター,20,,-10.0 
34,0,,10.0 ,,乳、塩,見習,セルビナバター,20,,-10.0 
35,0,,10.0 ,,,見習,セルビナバター,20,,-10.0 
36,0,,10.0 ,,乳,見習,セルビナバター,20,,-10.0 
37,0,,10.0 ,,乳、塩,見習,セルビナバター,20,,-10.0 
38,0,,10.0 ,,塩,見習,セルビナバター,20,,-10.0 
39,0,,10.0 ,,,見習,セルビナバター,20,,-10.0 
40,0,,10.0 ,,乳,見習,セルビナバター,20,,-10.0 
41,1,0.1,10.1 ,,,見習,調理キット10,10,,0.1 
42,1,0.2,10.3 ,,,見習,調理キット10,10,,0.3 
43,1,0.2,10.5 ,,,見習,調理キット10,10,,0.5 
44,1,0.1,10.6 ,,,見習,調理キット10,10,,0.6 
45,1,0.2,10.8 ,,,見習,調理キット10,10,,0.8 
46,1,0.1,10.9 ,,,見習,調理キット10,10,,0.9 
47,1,0.1,11.0 ,,,見習,調理キット10,10,,1.0 
48,1,0.2,11.2 ,,,見習,調理キット10,10,,1.2 
49,0,,11.2 ,,キット,見習,調理キット10,10,,1.2 
50,1,,11.2 ,,,見習,調理キット10,10,,1.2 
51,1,0.2,11.4 ,,,見習,調理キット10,10,,1.4 
52,1,0.1,11.5 ,,,見習,調理キット10,10,,1.5 
53,1,0.1,11.6 ,,,見習,セルビナバター,20,,-8.4 
54,1,0.1,11.7 ,,,見習,セルビナバター,20,,-8.3 
55,0,,11.7 ,,乳、塩,見習,セルビナバター,20,,-8.3 
56,0,,11.7 ,,,見習,セルビナバター,20,,-8.3 
57,0,,11.7 ,,,見習,セルビナバター,20,,-8.3 
58,0,,11.7 ,,乳、塩,見習,セルビナバター,20,,-8.3 
59,1,0.1,11.8 ,,,見習,セルビナバター,20,,-8.2 
60,1,0.1,11.9 ,,,見習,セルビナバター,20,,-8.1 
61,1,0.1,12.0 ,,,見習,セルビナバター,20,,-8.0 
62,0,,12.0 ,,塩,見習,セルビナバター,20,,-8.0 
63,0,,12.0 ,,,見習,セルビナバター,20,,-8.0 
64,0,,12.0 ,,乳,見習,セルビナバター,20,,-8.0 
65,0,,12.0 ,,乳,見習,セルビナバター,20,,-8.0 
66,1,0.1,12.1 ,,,見習,セルビナバター,20,,-7.9 
67,1,0.1,12.2 ,,,見習,セルビナバター,20,,-7.8 
68,0,,12.2 ,,塩,見習,セルビナバター,20,,-7.8 
69,0,,12.2 ,,,見習,セルビナバター,20,,-7.8 
70,1,0.1,12.3 ,,,見習,セルビナバター,20,,-7.7 
71,0,,12.3 ,,,見習,セルビナバター,20,,-7.7 
72,0,,12.3 ,,塩,見習,セルビナバター,20,,-7.7 
73,0,,12.3 ,,塩,見習,セルビナバター,20,,-7.7 
74,1,0.2,12.5 ,,,見習,セルビナバター,20,,-7.5 
75,0,,12.5 ,,塩,見習,セルビナバター,20,,-7.5 
76,0,,12.5 ,,乳、塩,見習,セルビナバター,20,,-7.5 
77,0,,12.5 ,,,見習,セルビナバター,20,,-7.5 
78,0,,12.5 ,,乳,見習,セルビナバター,20,,-7.5 
79,1,0.1,12.6 ,,,見習,セルビナバター,20,,-7.4 
80,1,0.2,12.8 ,,,見習,セルビナバター,20,,-7.2 
81,0,,12.8 ,,乳、塩,見習,セルビナバター,20,,-7.2 
82,1,0.1,12.9 ,,,見習,セルビナバター,20,,-7.1 
83,0,,12.9 ,,塩,見習,セルビナバター,20,,-7.1 
84,1,0.2,13.1 ,,,見習,セルビナバター,20,,-6.9 
85,0,,13.1 ,,乳、塩,見習,セルビナバター,20,,-6.9 
86,0,,13.1 ,,乳,見習,セルビナバター,20,,-6.9 
87,0,,13.1 ,,乳,見習,セルビナバター,20,,-6.9 
88,1,0.1,13.2 ,,,見習,セルビナバター,20,,-6.8 
89,0,,13.2 ,,塩,見習,セルビナバター,20,,-6.8 
90,0,,13.2 ,,塩,見習,セルビナバター,20,,-6.8 
91,0,,13.2 ,,,見習,セルビナバター,20,,-6.8 
92,1,0.1,13.3 ,,,見習,セルビナバター,20,,-6.7 
93,1,0.1,13.4 ,,,見習,セルビナバター,20,,-6.6 
94,0,,13.4 ,,塩,見習,セルビナバター,20,,-6.6 
95,1,0.2,13.6 ,,,見習,セルビナバター,20,,-6.4 
96,1,0.1,13.7 ,,,見習,セルビナバター,20,,-6.3 
97,0,,13.7 ,,乳、塩,見習,セルビナバター,20,,-6.3 
98,0,,13.7 ,,乳、塩,見習,セルビナバター,20,,-6.3 
99,1,0.1,13.8 ,,,見習,セルビナバター,20,,-6.2 
100,0,,13.8 ,,乳,見習,セルビナバター,20,,-6.2 
101,0,,13.8 ,,塩,見習,セルビナバター,20,,-6.2 
102,0,,13.8 ,,乳,見習,セルビナバター,20,,-6.2 
103,0,,13.8 ,,塩,見習,セルビナバター,20,,-6.2 
104,1,0.1,13.9 ,,,見習,セルビナバター,20,,-6.1 
105,0,,13.9 ,,塩,見習,セルビナバター,20,,-6.1 
106,1,0.2,14.1 ,,,見習,セルビナバター,20,,-5.9 
107,1,0.1,14.2 ,,,見習,セルビナバター,20,,-5.8 
108,0,,14.2 ,,塩,見習,セルビナバター,20,,-5.8 
109,1,0.1,14.3 ,,,見習,セルビナバター,20,,-5.7 
110,0,,14.3 ,,,見習,セルビナバター,20,,-5.7 
111,0,,14.3 ,,乳,見習,セルビナバター,20,,-5.7 
112,1,0.1,14.4 ,,,見習,セルビナバター,20,,-5.6 
113,0,,14.4 ,,乳,見習,セルビナバター,20,,-5.6 
114,1,0.1,14.5 ,,,見習,セルビナバター,20,,-5.5 
115,1,0.1,14.6 ,,,見習,調理キット15,15,,-0.4 
116,1,0.1,14.7 ,,,見習,調理キット15,15,,-0.3 
117,1,0.2,14.9 ,,,見習,調理キット15,15,,-0.1 
118,1,0.1,15.0 ,,,見習,調理キット15,15,,0.0 
119,1,0.1,15.1 ,,,見習,調理キット15,15,,0.1 
120,1,0.1,15.2 ,,,見習,調理キット15,15,,0.2 
121,0,,15.2 ,,キット,見習,調理キット15,15,,0.2 
122,1,0.1,15.3 ,,,見習,調理キット15,15,,0.3 
123,1,0.2,15.5 ,,,見習,調理キット15,15,,0.5 
124,1,0.1,15.6 ,,,見習,調理キット15,15,,0.6 
125,1,0.1,15.7 ,,,見習,調理キット15,15,,0.7 
126,1,,15.7 ,,,見習,調理キット15,15,,0.7 
127,1,0.2,15.9 ,,,見習,調理キット15,15,,0.9 
128,1,,15.9 ,,,見習,調理キット15,15,,0.9 
129,1,0.1,16.0 ,,,見習,調理キット15,15,,1.0 
130,1,0.1,16.1 ,,,見習,調理キット15,15,,1.1 
131,1,0.1,16.2 ,,,見習,調理キット15,15,,1.2 
132,1,0.1,16.3 ,,,見習,調理キット15,15,,1.3 
133,1,0.1,16.4 ,,,見習,調理キット15,15,,1.4 
134,1,0.2,16.6 ,,,見習,調理キット15,15,,1.6 
135,1,,16.6 ,,,見習,調理キット15,15,,1.6 
136,1,0.2,16.8 ,,,見習,調理キット15,15,,1.8 
137,1,0.1,16.9 ,,,見習,調理キット15,15,,1.9 
138,1,0.1,17.0 ,,,見習,調理キット15,15,,2.0 
139,1,0.2,17.2 ,,,見習,調理キット15,15,,2.2 
140,1,0.1,17.3 ,,,見習,調理キット15,15,,2.3 
141,1,,17.3 ,,,見習,調理キット15,15,,2.3 
142,1,,17.3 ,,,見習,調理キット15,15,,2.3 
143,1,0.1,17.4 ,,,見習,調理キット15,15,,2.4 
144,1,0.1,17.5 ,,,見習,調理キット15,15,,2.5 
145,1,0.1,17.6 ,,,見習,調理キット15,15,,2.6 
146,1,0.1,17.7 ,,,見習,調理キット15,15,,2.7 
147,1,0.1,17.8 ,,,見習,調理キット15,15,,2.8 
148,1,,17.8 ,,,見習,調理キット15,15,,2.8 
149,1,0.1,17.9 ,,,見習,調理キット15,15,,2.9 
150,1,,17.9 ,,,見習,調理キット15,15,,2.9 
151,1,0.1,18.0 ,,,見習,調理キット15,15,,3.0 
152,1,0.2,18.2 ,,,見習,調理キット15,15,,3.2 
153,0,0.1,18.3 ,,バタ、芋,徒弟,ベークドポポト,22,,-3.7 
154,0,0.1,18.4 ,,,徒弟,ベークドポポト,22,,-3.6 
155,1,0.1,18.5 ,,,徒弟,ベークドポポト,22,,-3.5 
156,1,0.1,18.6 ,,,徒弟,ベークドポポト,22,,-3.4 
157,1,,18.6 ,,,徒弟,ベークドポポト,22,,-3.4 
158,1,0.2,18.8 ,,,徒弟,ベークドポポト,22,,-3.2 
159,0,,18.8 ,,バタ、芋,徒弟,ベークドポポト,22,,-3.2 
160,0,0.1,18.9 ,,,徒弟,ベークドポポト,22,,-3.1 
161,0,0.1,19.0 ,,バタ,徒弟,ベークドポポト,22,,-3.0 
162,1,0.1,19.1 ,,,徒弟,ベークドポポト,22,,-2.9 
163,1,0.1,19.2 ,,,徒弟,ベークドポポト,22,,-2.8 
164,1,0.2,19.4 ,,,徒弟,ベークドポポト,22,,-2.6 
165,1,0.2,19.6 ,,,徒弟,ベークドポポト,22,,-2.4 
166,1,0.1,19.7 ,,,徒弟,ベークドポポト,22,,-2.3 
167,0,0.1,19.8 ,,バタ、芋,徒弟,ベークドポポト,22,,-2.2 
168,1,0.1,19.9 ,,,徒弟,ベークドポポト,22,,-2.1 
169,1,0.1,20.0 ,,,徒弟,ベークドポポト,22,,-2.0 
170,0,0.1,20.1 ,,芋,徒弟,ベークドポポト,22,,-1.9 
171,1,0.1,20.2 ,,,徒弟,ベークドポポト,22,,-1.8 
172,1,0.1,20.3 ,,,徒弟,ベークドポポト,22,,-1.7 
173,1,,20.3 ,,,徒弟,ベークドポポト,22,,-1.7 
174,1,0.1,20.4 ,,,徒弟,ベークドポポト,22,,-1.6 
175,1,0.2,20.6 ,,,徒弟,ベークドポポト,22,,-1.4 
176,1,0.1,20.7 ,,,徒弟,ベークドポポト,22,,-1.3 
177,1,0.1,20.8 ,,,徒弟,ベークドポポト,22,,-1.2 
178,0,0.2,21.0 ,,,徒弟,ベークドポポト,22,,-1.0 
179,1,0.1,21.1 ,,,徒弟,ベークドポポト,22,,-0.9 
180,1,0.1,21.2 ,,,徒弟,ベークドポポト,22,,-0.8 
181,1,0.1,21.3 ,,,徒弟,ベークドポポト,22,,-0.7 
182,0,0.1,21.4 ,,バタ,徒弟,ベークドポポト,22,,-0.6 
183,1,0.1,21.5 ,,,徒弟,ベークドポポト,22,,-0.5 
184,1,0.2,21.7 ,,,徒弟,ベークドポポト,22,,-0.3 
185,1,0.1,21.8 ,,,徒弟,ベークドポポト,22,,-0.2 
186,1,0.2,22.0 ,,,徒弟,ベークドポポト,22,,0.0 
187,1,0.2,22.2 ,,,徒弟,ベークドポポト,22,,0.2 
188,1,0.1,22.3 ,,,徒弟,ベークドポポト,22,,0.3 
189,1,0.2,22.5 ,,,徒弟,ベークドポポト,22,,0.5 
190,1,0.1,22.6 ,,,徒弟,ベークドポポト,22,,0.6 
191,1,0.1,22.7 ,,,徒弟,ベークドポポト,22,,0.7 
192,1,0.1,22.8 ,,,徒弟,ベークドポポト,22,,0.8 
193,1,0.1,22.9 ,,,徒弟,ベークドポポト,22,,0.9 
194,1,0.2,23.1 ,,,徒弟,ベークドポポト,22,,1.1 
195,1,0.1,23.2 ,,,徒弟,ベークドポポト,22,,1.2 
196,1,0.1,23.3 ,,,徒弟,ベークドポポト,22,,1.3 
197,1,0.1,23.4 ,,,徒弟,ベークドポポト,22,,1.4 
198,1,0.1,23.5 ,,,徒弟,ベークドポポト,22,,1.5 
199,1,0.2,23.7 ,,,徒弟,ベークドポポト,22,,1.7 
200,1,0.1,23.8 ,,,徒弟,ベークドポポト,22,,1.8 
201,1,0.1,23.9 ,,,徒弟,ベークドポポト,22,,1.9 
202,1,,23.9 ,,,徒弟,ベークドポポト,22,,1.9 
203,1,,23.9 ,,,徒弟,ベークドポポト,22,,1.9 
204,1,0.1,24.0 ,,,徒弟,ベークドポポト,22,,2.0 
205,1,,24.0 ,,,徒弟,ベークドポポト,22,,2.0 
206,1,0.1,24.1 ,,,徒弟,ベークドポポト,22,,2.1 
207,1,0.1,24.2 ,,,徒弟,ベークドポポト,22,,2.2 
208,1,0.1,24.3 ,,,徒弟,ベークドポポト,22,,2.3 
209,1,,24.3 ,,,徒弟,ベークドポポト,22,,2.3 
210,1,0.1,24.4 ,,,徒弟,ベークドポポト,22,,2.4 
211,1,0.1,24.5 ,,,徒弟,ベークドポポト,22,,2.5 
212,1,0.1,24.6 ,,,徒弟,ベークドポポト,22,,2.6 
213,1,0.2,24.8 ,,,徒弟,ベークドポポト,22,,2.8 
214,0,,24.8 ,,芋,徒弟,ベークドポポト,22,,2.8 
215,1,,24.8 ,,,徒弟,ベークドポポト,22,,2.8 
216,1,,24.8 ,,,徒弟,ベークドポポト,22,,2.8 
217,1,0.1,24.9 ,,,徒弟,ベークドポポト,22,,2.9 
218,1,0.1,25.0 ,,,徒弟,ベークドポポト,22,,3.0 
219,1,0.2,25.2 ,,,徒弟,ベークドポポト,22,,3.2 
220,1,0.1,25.3 ,,,徒弟,ベークドポポト,22,,3.3 
221,1,0.1,25.4 ,,,徒弟,ベークドポポト,22,,3.4 
222,1,,25.4 ,,,徒弟,ベークドポポト,22,,3.4 
223,1,0.2,25.6 ,,,徒弟,ベークドポポト,22,,3.6 
224,1,,25.6 ,,,徒弟,ベークドポポト,22,,3.6 
225,1,0.1,25.7 ,,,徒弟,ベークドポポト,22,,3.7 
226,1,,25.7 ,,,徒弟,ベークドポポト,22,,3.7 
227,1,,25.7 ,,,徒弟,ベークドポポト,22,,3.7 
228,1,0.1,25.8 ,,,徒弟,ベークドポポト,22,,3.8 
229,1,0.1,25.9 ,,,徒弟,ベークドポポト,22,,3.9 
230,1,,25.9 ,,,徒弟,ベークドポポト,22,,3.9 
231,1,0.1,26.0 ,,,徒弟,ベークドポポト,22,,4.0 
232,1,,26.0 ,,,徒弟,ベークドポポト,22,,4.0 
233,1,0.2,26.2 ,,,徒弟,ベークドポポト,22,,4.2 
234,1,,26.2 ,,,徒弟,ベークドポポト,22,,4.2 
235,1,0.1,26.3 ,,,徒弟,ベークドポポト,22,,4.3 
236,1,,26.3 ,,,徒弟,ベークドポポト,22,,4.3 
237,1,,26.3 ,,,徒弟,ベークドポポト,22,,4.3 
238,0,,26.3 ,,芋,徒弟,ベークドポポト,22,,4.3 
239,1,,26.3 ,,,徒弟,ベークドポポト,22,,4.3 
240,1,,26.3 ,,,徒弟,ベークドポポト,22,,4.3 
241,1,,26.3 ,HQ1,,徒弟,ベークドポポト,22,,4.3 
242,1,,26.3 ,,,徒弟,ベークドポポト,22,,4.3 
243,1,,26.3 ,,,徒弟,ベークドポポト,22,,4.3 
244,1,,26.3 ,,,徒弟,ベークドポポト,22,,4.3 
245,1,0.1,26.4 ,,,徒弟,ベークドポポト,22,,4.4 
246,1,0.1,26.5 ,,,徒弟,ベークドポポト,22,,4.5 
247,1,0.1,26.6 ,,,徒弟,ベークドポポト,22,,4.6 
248,1,0.1,26.7 ,,,徒弟,ベークドポポト,22,,4.7 
249,1,,26.7 ,,,徒弟,ベークドポポト,22,,4.7 
250,1,0.1,26.8 ,,,徒弟,ベークドポポト,22,,4.8 
251,1,0.2,27.0 ,,,徒弟,ベークドポポト,22,,5.0 
252,1,,27.0 ,,,徒弟,ベークドポポト,22,,5.0 
253,1,,27.0 ,,,徒弟,ベークドポポト,22,,5.0 
254,1,,27.0 ,,,徒弟,ベークドポポト,22,,5.0 
255,1,0.2,27.2 ,HQ1,,徒弟,ベークドポポト,22,,5.2 
256,1,,27.2 ,,,徒弟,ベークドポポト,22,,5.2 
257,1,0.1,27.3 ,,,徒弟,ベークドポポト,22,,5.3 
258,1,0.1,27.4 ,,,徒弟,ベークドポポト,22,,5.4 
259,1,,27.4 ,,,徒弟,ベークドポポト,22,,5.4 
260,1,,27.4 ,,,徒弟,ベークドポポト,22,,5.4 
261,1,,27.4 ,HQ1,,徒弟,ベークドポポト,22,,5.4 
262,1,0.2,27.6 ,,,徒弟,干し肉,26,,1.6 
263,1,0.1,27.7 ,,,徒弟,干し肉,26,,1.7 
264,1,0.1,27.8 ,,,徒弟,干し肉,26,,1.8 
265,1,0.1,27.9 ,,,徒弟,干し肉,26,,1.9 
266,1,0.1,28.0 ,,,徒弟,干し肉,26,,2.0 
267,0,,28.0 ,,カシラボ水,徒弟,草粥,26,,2.0 
268,1,0.1,28.1 ,,,徒弟,草粥,26,,2.1 
269,1,0.1,28.2 ,,,徒弟,草粥,26,,2.2 
270,1,,28.2 ,,,徒弟,草粥,26,,2.2 
271,1,0.1,28.3 ,,,徒弟,草粥,26,,2.3 
272,1,0.1,28.4 ,,,徒弟,草粥,26,,2.4 
273,1,0.2,28.6 ,,,徒弟,草粥,26,,2.6 
274,1,0.1,28.7 ,,,徒弟,草粥,26,,2.7 
275,1,,28.7 ,,,徒弟,草粥,26,,2.7 
276,1,0.2,28.9 ,,,徒弟,草粥,26,,2.9 
277,1,0.1,29.0 ,,,徒弟,草粥,26,,3.0 
278,1,,29.0 ,,,下級職人,草粥,26,,3.0 
279,1,,29.0 ,,,下級職人,草粥,26,,3.0 
280,1,0.1,29.1 ,,,下級職人,干し肉,26,,3.1 
281,1,,29.1 ,,,下級職人,干し肉,26,,3.1 
282,1,0.1,29.2 ,,,下級職人,干し肉,26,,3.2 
283,1,0.1,29.3 ,,,下級職人,干し肉,26,,3.3 
284,1,,29.3 ,,,下級職人,干し肉,26,,3.3 
285,1,,29.3 ,,,下級職人,干し肉,26,,3.3 
286,1,0.1,29.4 ,,,下級職人,干し肉,26,,3.4 
287,0,,29.4 ,,マジョ、塩,下級職人,干し肉,26,,3.4 
288,1,0.2,29.6 ,,,下級職人,干し肉,26,,3.6 
289,1,,29.6 ,,,下級職人,干し肉,26,,3.6 
290,1,0.1,29.7 ,,,下級職人,干し肉,26,,3.7 
291,1,,29.7 ,,,下級職人,干し肉,26,,3.7 
292,1,,29.7 ,,,下級職人,干し肉,26,,3.7 
293,1,0.1,29.8 ,,,下級職人,干し肉,26,,3.8 
294,1,,29.8 ,,,下級職人,干し肉,26,,3.8 
295,1,0.1,29.9 ,,,下級職人,干し肉,26,,3.9 
296,1,0.1,30.0 ,,,下級職人,干し肉,26,,4.0 
297,1,,30.0 ,,,下級職人,干し肉,26,,4.0 
298,1,0.1,30.1 ,,,下級職人,干し肉,26,,4.1 
299,1,0.1,30.2 ,,,下級職人,干し肉,26,,4.2 
300,1,0.1,30.3 ,,,下級職人,干し肉,26,,4.3 
301,1,,30.3 ,,,下級職人,干し肉,26,,4.3 
302,1,,30.3 ,,,下級職人,干し肉,26,,4.3 
303,1,0.1,30.4 ,,,下級職人,干し肉,26,,4.4 
304,1,0.1,30.5 ,,,下級職人,干し肉,26,,4.5 
305,1,0.1,30.6 ,,,下級職人,干し肉,26,,4.6 
306,1,,30.6 ,,,下級職人,干し肉,26,,4.6 
307,1,0.1,30.7 ,,,下級職人,干し肉,26,,4.7 
308,1,,30.7 ,,,下級職人,干し肉,26,,4.7 
309,1,0.1,30.8 ,,,下級職人,干し肉,26,,4.8 
310,1,0.1,30.9 ,,,下級職人,干し肉,26,,4.9 
311,1,0.1,31.0 ,,,下級職人,干し肉,26,,5.0 
312,1,0.1,31.1 ,,,下級職人,干し肉,26,,5.1 
313,1,,31.1 ,,,下級職人,干し肉,26,,5.1 
314,1,0.1,31.2 ,,,下級職人,干し肉,26,,5.2 
315,1,,31.2 ,,,下級職人,干し肉,26,,5.2 
316,1,,31.2 ,,,下級職人,干し肉,26,,5.2 
317,1,0.1,31.3 ,,,下級職人,干し肉,26,,5.3 
318,1,,31.3 ,,,下級職人,干し肉,26,,5.3 
319,1,,31.3 ,,,下級職人,干し肉,26,,5.3 
320,1,0.2,31.5 ,,,下級職人,干し肉,26,,5.5 
321,1,,31.5 ,,,下級職人,干し肉,26,,5.5 
322,0,,31.5 ,,塩,下級職人,干し肉,26,,5.5 
323,1,0.1,31.6 ,,,下級職人,干し肉,26,,5.6 
324,1,,31.6 ,,,下級職人,干し肉,26,,5.6 
325,0,,31.6 ,,肉,下級職人,干し肉,26,,5.6 
326,1,,31.6 ,,,下級職人,干し肉,26,,5.6 
327,1,,31.6 ,,,下級職人,干し肉,26,,5.6 
328,1,,31.6 ,,,下級職人,干し肉,26,,5.6 
329,1,,31.6 ,,,下級職人,干し肉,26,,5.6 
330,1,,31.6 ,,,下級職人,干し肉,26,,5.6 
331,1,0.1,31.7 ,,,下級職人,干し肉,26,,5.7 
332,0,,31.7 ,,マジョ、塩,下級職人,干し肉,26,,5.7 
333,1,0.1,31.8 ,,,下級職人,干し肉,26,,5.8 
334,1,0.1,31.9 ,,,下級職人,干し肉,26,,5.9 
335,1,,31.9 ,,,下級職人,干し肉,26,,5.9 
336,1,0.1,32.0 ,,,下級職人,干し肉,26,,6.0 
337,1,0.1,32.1 ,,,下級職人,干し肉,26,,6.1 
338,1,,32.1 ,,,下級職人,干し肉,26,,6.1 
339,1,0.1,32.2 ,,,下級職人,干し肉,26,,6.2 
340,1,0.1,32.3 ,,,下級職人,干し肉,26,,6.3 
341,1,,32.3 ,,,下級職人,干し肉,26,,6.3 
342,1,,32.3 ,,,下級職人,干し肉,26,,6.3 
343,1,0.2,32.5 ,,,下級職人,干し肉,26,,6.5 
344,1,,32.5 ,,,下級職人,干し肉,26,,6.5 
345,1,,32.5 ,,,下級職人,干し肉,26,,6.5 
346,1,0.1,32.6 ,,,下級職人,干し肉,26,,6.6 
347,1,0.1,32.7 ,,,下級職人,干し肉,26,,6.7 
348,1,,32.7 ,,,下級職人,干し肉,26,,6.7 
349,1,,32.7 ,,,下級職人,干し肉,26,,6.7 
350,1,,32.7 ,,,下級職人,干し肉,26,,6.7 
351,1,,32.7 ,,,下級職人,干し肉,26,,6.7 
352,1,0.1,32.8 ,,,下級職人,干し肉,26,,6.8 
353,1,,32.8 ,,,下級職人,干し肉,26,,6.8 
354,1,,32.8 ,,,下級職人,干し肉,26,,6.8 
355,1,,32.8 ,,,下級職人,干し肉,26,,6.8 
356,1,,32.8 ,,,下級職人,干し肉,26,,6.8 
357,1,,32.8 ,,,下級職人,干し肉,26,,6.8 
358,1,0.1,32.9 ,,,下級職人,干し肉,26,,6.9 
359,1,,32.9 ,,,下級職人,干し肉,26,,6.9 
360,0,,32.9 ,,塩,下級職人,干し肉,26,,6.9 
361,1,,32.9 ,,,下級職人,干し肉,26,,6.9 
362,1,,32.9 ,,,下級職人,干し肉,26,,6.9 
363,1,,32.9 ,,,下級職人,干し肉,26,,6.9 
364,1,,32.9 ,,,下級職人,干し肉,26,,6.9 
365,1,0.1,33.0 ,,,下級職人,干し肉,26,,7.0 
366,1,,33.0 ,,,下級職人,干し肉,26,,7.0 
367,1,0.1,33.1 ,,,下級職人,干し肉,26,,7.1 
368,1,0.1,33.2 ,,,下級職人,干し肉,26,,7.2 
369,1,,33.2 ,,,下級職人,干し肉,26,,7.2 
370,1,0.1,33.3 ,,,下級職人,干し肉,26,,7.3 
371,1,,33.3 ,,,下級職人,干し肉,26,,7.3 
372,1,,33.3 ,,,下級職人,干し肉,26,,7.3 
373,1,,33.3 ,,,下級職人,干し肉,26,,7.3 
374,1,,33.3 ,,,下級職人,干し肉,26,,7.3 
375,1,,33.3 ,,,下級職人,干し肉,26,,7.3 
376,1,0.1,33.4 ,,,下級職人,干し肉,26,,7.4 
377,1,,33.4 ,,,下級職人,干し肉,26,,7.4 
378,1,0.2,33.6 ,,,下級職人,干し肉,26,,7.6 
379,1,0.1,33.7 ,,,下級職人,干し肉,26,,7.7 
380,1,,33.7 ,,,下級職人,干し肉,26,,7.7 
381,1,0.1,33.8 ,,,下級職人,干し肉,26,,7.8 
382,1,0.1,33.9 ,,,下級職人,干し肉,26,,7.9 
383,1,0.2,34.1 ,,,下級職人,干し肉,26,,8.1 
384,1,0.1,34.2 ,,,下級職人,干し肉,26,,8.2 
385,1,0.1,34.3 ,,,下級職人,干し肉,26,,8.3 
386,1,,34.3 ,,,下級職人,干し肉,26,,8.3 
387,1,0.1,34.4 ,,,下級職人,干し肉,26,,8.4 
388,1,,34.4 ,,,下級職人,干し肉,26,,8.4 
389,1,,34.4 ,,,下級職人,干し肉,26,,8.4 
390,1,,34.4 ,,,下級職人,干し肉,26,,8.4 
391,0,,34.4 ,,マジョ、肉,下級職人,干し肉,26,,8.4 
392,1,0.2,34.6 ,,,下級職人,干し肉,26,,8.6 
393,1,,34.6 ,,,下級職人,干し肉,26,,8.6 
394,1,,34.6 ,,,下級職人,干し肉,26,,8.6 
395,1,0.1,34.7 ,,,下級職人,干し肉,26,,8.7 
396,0,,34.7 ,,マジョ、肉、塩,下級職人,干し肉,26,,8.7 
397,1,,34.7 ,,,下級職人,干し肉,26,,8.7 
398,1,,34.7 ,,,下級職人,干し肉,26,,8.7 
399,1,,34.7 ,,,下級職人,干し肉,26,,8.7 
400,1,,34.7 ,,,下級職人,干し肉,26,,8.7 
401,1,,34.7 ,,,下級職人,干し肉,26,,8.7 
402,1,,34.7 ,,,下級職人,干し肉,26,,8.7 
403,1,,34.7 ,,,下級職人,干し肉,26,,8.7 
404,1,,34.7 ,,,下級職人,干し肉,26,,8.7 
405,1,0.1,34.8 ,,,下級職人,干し肉,26,,8.8 
406,1,,34.8 ,,,下級職人,干し肉,26,,8.8 
407,1,,34.8 ,,,下級職人,干し肉,26,,8.8 
408,1,0.1,34.9 ,,,下級職人,干し肉,26,,8.9 
409,1,,34.9 ,,,下級職人,干し肉,26,,8.9 
410,1,,34.9 ,,,下級職人,干し肉,26,,8.9 
411,1,,34.9 ,,,下級職人,干し肉,26,,8.9 
412,1,,34.9 ,,,下級職人,干し肉,26,,8.9 
413,1,,34.9 ,,,下級職人,干し肉,26,,8.9 
414,1,,34.9 ,,,下級職人,干し肉,26,,8.9 
415,1,,34.9 ,,,下級職人,干し肉,26,,8.9 
416,1,0.1,35.0 ,,,下級職人,干し肉,26,,9.0 
417,1,,35.0 ,,,下級職人,干し肉,26,,9.0 
418,1,,35.0 ,,,下級職人,干し肉,26,,9.0 
419,1,,35.0 ,,,下級職人,干し肉,26,,9.0 
420,1,,35.0 ,,,下級職人,干し肉,26,,9.0 
421,1,,35.0 ,,,下級職人,干し肉,26,,9.0 
422,1,,35.0 ,,,下級職人,干し肉,26,,9.0 
423,1,,35.0 ,,,下級職人,干し肉,26,,9.0 
424,1,0.1,35.1 ,,,下級職人,干し肉,26,,9.1 
425,1,,35.1 ,HQ1,,下級職人,干し肉,26,,9.1 
426,1,,35.1 ,,,下級職人,干し肉,26,,9.1 
427,1,,35.1 ,,,下級職人,干し肉,26,,9.1 
428,1,,35.1 ,,,下級職人,干し肉,26,,9.1 
429,1,0.1,35.2 ,,,下級職人,干し肉,26,,9.2 
430,1,,35.2 ,,,下級職人,干し肉,26,,9.2 
431,1,,35.2 ,,,下級職人,干し肉,26,,9.2 
432,1,,35.2 ,,,下級職人,干し肉,26,,9.2 
433,0,,35.2 ,,マジョ、塩、肉,下級職人,干し肉,26,,9.2 
434,1,,35.2 ,,,下級職人,干し肉,26,,9.2 
435,1,,35.2 ,,,下級職人,干し肉,26,,9.2 
436,1,,35.2 ,,,下級職人,干し肉,26,,9.2 
437,1,,35.2 ,,,下級職人,干し肉,26,,9.2 
438,1,,35.2 ,,,下級職人,干し肉,26,,9.2 
439,1,,35.2 ,,,下級職人,干し肉,26,,9.2 
440,1,,35.2 ,,,下級職人,干し肉,26,,9.2 
441,1,,35.2 ,,,下級職人,干し肉,26,,9.2 
442,1,,35.2 ,,,下級職人,干し肉,26,,9.2 
443,1,,35.2 ,,,下級職人,干し肉,26,,9.2 
444,1,,35.2 ,,,下級職人,干し肉,26,,9.2 
445,1,,35.2 ,,,下級職人,干し肉,26,,9.2 
446,1,0.1,35.3 ,,,下級職人,干し肉,26,,9.3 
447,0,,35.3 ,,マジョ、肉,下級職人,干し肉,26,,9.3 
448,0,,35.3 ,,肉,下級職人,干し肉,26,,9.3 
449,1,,35.3 ,HQ1,,下級職人,干し肉,26,,9.3 
450,1,0.1,35.4 ,,,下級職人,干し肉,26,,9.4 
451,1,,35.4 ,,,下級職人,干し肉,26,,9.4 
452,1,,35.4 ,,,下級職人,干し肉,26,,9.4 
453,1,,35.4 ,,,下級職人,干し肉,26,,9.4 
454,1,0.1,35.5 ,,,下級職人,干し肉,26,,9.5 
455,1,,35.5 ,,,下級職人,干し肉,26,,9.5 
456,1,,35.5 ,,,下級職人,干し肉,26,,9.5 
457,1,0.1,35.6 ,,,下級職人,干し肉,26,,9.6 
458,1,0.1,35.7 ,,,下級職人,干し肉,26,,9.7 
459,1,,35.7 ,,,下級職人,干し肉,26,,9.7 
460,0,,35.7 ,,肉,下級職人,干し肉,26,,9.7 
461,1,0.1,35.8 ,,,下級職人,干し肉,26,,9.8 
462,1,,35.8 ,,,下級職人,干し肉,26,,9.8 
463,1,,35.8 ,,,下級職人,干し肉,26,,9.8 
464,1,,35.8 ,HQ1,,下級職人,干し肉,26,,9.8 
465,1,,35.8 ,,,下級職人,干し肉,26,,9.8 
466,1,,35.8 ,,,下級職人,干し肉,26,,9.8 
467,1,,35.8 ,,,下級職人,干し肉,26,,9.8 
468,1,0.1,35.9 ,,,下級職人,干し肉,26,,9.9 
469,1,,35.9 ,,,下級職人,干し肉,26,,9.9 
470,1,,35.9 ,,,下級職人,干し肉,26,,9.9 
471,1,,35.9 ,,,下級職人,干し肉,26,,9.9 
472,1,0.1,36.0 ,,,下級職人,干し肉,26,,10.0 
473,1,,36.0 ,,,下級職人,干し肉,26,,10.0 
474,1,,36.0 ,,,下級職人,干し肉,26,,10.0 
475,1,,36.0 ,,,下級職人,干し肉,26,,10.0 
476,1,,36.0 ,,,下級職人,干し肉,26,,10.0 
477,1,,36.0 ,,,下級職人,干し肉,26,,10.0 
478,1,,36.0 ,,,下級職人,干し肉,26,,10.0 
479,1,,36.0 ,,,下級職人,干し肉,26,,10.0 
480,1,,36.0 ,,,下級職人,干し肉,26,,10.0 
481,1,0.1,36.1 ,,,下級職人,干し肉,26,,10.1 
482,1,,36.1 ,,,下級職人,干し肉,26,,10.1 
483,1,,36.1 ,,,下級職人,干し肉,26,,10.1 
484,1,,36.1 ,,,下級職人,干し肉,26,,10.1 
485,1,,36.1 ,,,下級職人,干し肉,26,,10.1 
486,1,0.2,36.3 ,,,下級職人,干し肉,26,,10.3 
487,0,,36.3 ,,マジョ、塩、肉,下級職人,干し肉,26,,10.3 
488,1,,36.3 ,,,下級職人,干し肉,26,,10.3 
489,1,,36.3 ,,,下級職人,干し肉,26,,10.3 
490,1,0.1,36.4 ,,,下級職人,干し肉,26,,10.4 
491,1,0.1,36.5 ,,,下級職人,干し肉,26,,10.5 
492,1,0.2,36.7 ,,,下級職人,干し肉,26,,10.7 
493,1,,36.7 ,,,下級職人,干し肉,26,,10.7 
494,1,,36.7 ,,,下級職人,干し肉,26,,10.7 
495,0,,36.7 ,,肉,下級職人,干し肉,26,,10.7 
496,1,,36.7 ,,,下級職人,干し肉,26,,10.7 
497,1,,36.7 ,,,下級職人,干し肉,26,,10.7 
498,1,,36.7 ,,,下級職人,干し肉,26,,10.7 
499,1,,36.7 ,,,下級職人,干し肉,26,,10.7 
500,1,0.1,36.8 ,,,下級職人,干し肉,26,,10.8 
501,1,,36.8 ,,,下級職人,干し肉,26,,10.8 
502,1,0.2,37.0 ,,,下級職人,干し肉,26,,11.0 
503,1,,37.0 ,,,下級職人,干し肉,26,,11.0 
504,1,,37.0 ,,,下級職人,干し肉,26,,11.0 
505,1,,37.0 ,,,下級職人,干し肉,26,,11.0 
506,1,,37.0 ,HQ1,,下級職人,干し肉,26,,11.0 
507,1,,37.0 ,,,下級職人,干し肉,26,,11.0 
508,1,,37.0 ,,,下級職人,干し肉,26,,11.0 
509,1,,37.0 ,,,下級職人,干し肉,26,,11.0 
510,1,,37.0 ,,,下級職人,干し肉,26,,11.0 
511,0,,37.0 ,,マジョ、肉,下級職人,干し肉,26,,11.0 
512,1,,37.0 ,,,下級職人,干し肉,26,,11.0 
513,1,,37.0 ,,,下級職人,干し肉,26,,11.0 
514,1,,37.0 ,,,下級職人,干し肉,26,,11.0 
515,1,,37.0 ,,,下級職人,干し肉,26,,11.0 
516,0,,37.0 ,,肉,下級職人,干し肉,26,,11.0 
517,1,,37.0 ,,,下級職人,干し肉,26,,11.0 
518,1,,37.0 ,,,下級職人,干し肉,26,,11.0 
519,1,,37.0 ,,,下級職人,干し肉,26,,11.0 
520,1,,37.0 ,,,下級職人,干し肉,26,,11.0 
521,1,,37.0 ,,,下級職人,干し肉,26,,11.0 
522,1,,37.0 ,,,下級職人,干し肉,26,,11.0 
523,1,,37.0 ,,,下級職人,干し肉,26,,11.0 
524,1,,37.0 ,,,下級職人,干し肉,26,,11.0 
525,1,,37.0 ,,,下級職人,干し肉,26,,11.0 
526,1,,37.0 ,,,下級職人,干し肉,26,,11.0 
527,1,,37.0 ,,,下級職人,干し肉,26,,11.0 
528,1,,37.0 ,,,下級職人,干し肉,26,,11.0 
529,1,,37.0 ,,,下級職人,干し肉,26,,11.0 
530,1,,37.0 ,,,下級職人,干し肉,26,,11.0 
531,1,,37.0 ,HQ1,,下級職人,干し肉,26,,11.0 
532,1,,37.0 ,,,下級職人,干し肉,26,,11.0 
533,1,,37.0 ,,,下級職人,干し肉,26,,11.0 
534,1,,37.0 ,,,下級職人,干し肉,26,,11.0 
535,1,,37.0 ,,,下級職人,干し肉,26,,11.0 
536,1,,37.0 ,,,下級職人,干し肉,26,,11.0 
537,1,,37.0 ,,,下級職人,干し肉,26,,11.0 
538,0,,37.0 ,,塩,下級職人,干し肉,26,,11.0 
539,1,,37.0 ,,,下級職人,干し肉,26,,11.0 
540,1,,37.0 ,,,下級職人,干し肉,26,,11.0 
541,1,,37.0 ,,,下級職人,干し肉,26,,11.0 
542,1,,37.0 ,,,下級職人,干し肉,26,,11.0 
543,1,,37.0 ,,,下級職人,干し肉,26,,11.0 
544,1,,37.0 ,,,下級職人,干し肉,26,,11.0 
545,1,,37.0 ,,,下級職人,干し肉,26,,11.0 
546,0,,37.0 ,,塩、肉,下級職人,干し肉,26,,11.0 
547,1,,37.0 ,,,下級職人,干し肉,26,,11.0 
548,1,,37.0 ,,,下級職人,干し肉,26,,11.0 
549,1,,37.0 ,,,下級職人,干し肉,26,,11.0 
550,1,,37.0 ,,,下級職人,干し肉,26,,11.0 
551,0,,37.0 ,,マジョ,下級職人,干し肉,26,,11.0 
552,0,,37.0 ,,塩,下級職人,干し肉,26,,11.0 
553,1,,37.0 ,,,下級職人,干し肉,26,,11.0 
554,1,,37.0 ,,,下級職人,干し肉,26,,11.0 
555,1,,37.0 ,,,下級職人,干し肉,26,,11.0 
556,1,,37.0 ,,,下級職人,干し肉,26,,11.0 
557,1,,37.0 ,,,下級職人,干し肉,26,,11.0 
558,1,,37.0 ,,,下級職人,干し肉,26,,11.0 
559,1,,37.0 ,,,下級職人,干し肉,26,,11.0 
560,1,,37.0 ,,,下級職人,干し肉,26,,11.0 
561,1,,37.0 ,,,下級職人,干し肉,26,,11.0 
562,1,,37.0 ,,,下級職人,干し肉,26,,11.0 
563,1,,37.0 ,,,下級職人,干し肉,26,,11.0 
564,1,,37.0 ,,,下級職人,干し肉,26,,11.0 
565,1,,37.0 ,HQ1,,下級職人,干し肉,26,,11.0 
566,1,,37.0 ,HQ1,,下級職人,干し肉,26,,11.0 
567,1,,37.0 ,,,下級職人,干し肉,26,,11.0 
568,0,,37.0 ,,マジョ,下級職人,干し肉,26,,11.0 
569,1,,37.0 ,,,下級職人,干し肉,26,,11.0 
570,1,,37.0 ,,,下級職人,干し肉,26,,11.0 
571,1,,37.0 ,,,下級職人,干し肉,26,,11.0 
